{"learning_rates": {"1e-05": {"max_scores": [1.8346876264339422, 1.8303572150776837, 1.8247282848857451, 1.8205432069965264, 1.8298633103105146, 1.8192563757647024, 1.8215180088361376, 1.8161735810104738], "mean_scores": [1.7828384272759856, 1.792498935565264, 1.7906099380084708, 1.7811539371888547, 1.7915637025042543, 1.7880662969123033, 1.790642185040665, 1.782530481232616], "batch_size": [1, 2, 4, 8, 16, 32, 64, 128]}}}