{"learning_rates": {"0.0001": {"max_scores": [1.8045650823347097, 1.8333121034869975, 1.8199784129522758, 1.8192933028284424, 1.8385115383383916, 1.826665403783147, 1.8486211389443565, 1.8227227904734074], "mean_scores": [1.77451887877518, 1.7924251814091576, 1.78911927104011, 1.7778031836507502, 1.804677735483558, 1.7917095098625881, 1.8006077887470753, 1.788542523113494], "batch_size": [1, 2, 4, 8, 16, 32, 64, 128]}}}