{"learning_rates": {"0.001": {"max_scores": [1.738394657607026, 1.7579217716963775, 1.7806550825117964, 1.7782345198688647, 1.8276649128640567, 1.8265206871515762, 1.8400472946420874, 1.8265504117789542], "mean_scores": [1.7132947309393802, 1.7437397171825098, 1.7503146154131877, 1.7621967960023774, 1.7847672758054682, 1.7915829190388428, 1.7973246720410887, 1.7929853164110263], "batch_size": [1, 2, 4, 8, 16, 32, 64, 128]}}}